-- CREATING EACH TABLE IN THE ACADEMIC DATABASE
CREATE TABLE ACADEMIC_SESSION
(
SESSION_ID NUMBER NOT NULL ,
SESSION_NAME VARCHAR2(50)
) ;

CREATE TABLE COURSE
(
COURSE_ID NUMBER NOT NULL ,
COURSE_NAME VARCHAR2 (50) ,
SESSION_ID NUMBER ,
DEPARTMENT_ID NUMBER
) ;

CREATE TABLE DEPARTMENT
(
DEPARTMENT_ID NUMBER NOT NULL ,
DEPARTMENT_NAME VARCHAR2(50) ,
HOD VARCHAR2(50)
) ;

CREATE TABLE EXAM_DETAIL
(
EXAM_ID NUMBER NOT NULL ,
EXAM_TYPE VARCHAR2(50) NOT NULL ,
START_DATE DATE ,
NAME VARCHAR2(50)
) ;

CREATE TABLE EXAM_RESULT
(
STUDENT_ID NUMBER NOT NULL,
EXAM_ID NUMBER NOT NULL,
COURSE_ID NUMBER NOT NULL,
GRADE NUMBER
) ;

CREATE TABLE EXAM_TYPE
(
EXAM_TYPE VARCHAR2(50) NOT NULL ,
EXAM_NAME VARCHAR2(50) ,
EXAM_DESC VARCHAR2(50)
) ;

CREATE TABLE FACULTY_COURSE
(
FACULTY_ID NUMBER NOT NULL,
COURSE_ID NUMBER NOT NULL
) ;

CREATE TABLE FACULTY
(
FACULTY_ID NUMBER NOT NULL ,
FACULTY_NAME VARCHAR2(50) ,
FIRST_NAME VARCHAR2(50),
LAST_NAME VARCHAR2(50)
) ;

CREATE TABLE FACULTY_LOGIN
(
FACULTY_ID NUMBER NOT NULL,
LOGIN_DATE DATE NOT NULL,
LOGIN_TIME DATE NOT NULL,
DETAILS VARCHAR2(50)
) ;

CREATE TABLE PARENT_INFORMATION
(
PARENT_ID NUMBER NOT NULL ,
FATHER_NAME VARCHAR2(50) ,
MOTHER_NAME VARCHAR2(50)
) ;

CREATE TABLE STUDENT_ATTENDANCE
(
STUDENT_ID NUMBER NOT NULL,
NO_OF_WORKING_DAYS NUMBER ,
NO_OF_DAYS_OFF NUMBER ,
ELIGIBILITY_FOR_EXAMS CHAR
) ;

CREATE TABLE STUDENT_COURSE
(
STUDENT_ID NUMBER ,
COURSE_ID NUMBER 
) ;

CREATE TABLE STUDENT
(
STUDENT_ID NUMBER NOT NULL ,
FIRST_NAME VARCHAR2(50) ,
PARENT_ID NUMBER,
STUDENT_REG_YEAR DATE
) ;

-- ADDING PRIMARY KEYS TO EACH TABLE
ALTER TABLE ACADEMIC_SESSION ADD CONSTRAINT ACADEMIC_SESSION_PK PRIMARY KEY ( SESSION_ID ) ;
ALTER TABLE COURSE ADD CONSTRAINT COURSE_PK PRIMARY KEY ( COURSE_ID ) ;
ALTER TABLE DEPARTMENT ADD CONSTRAINT DEPARTMENT_PK PRIMARY KEY ( DEPARTMENT_ID ) ;
ALTER TABLE EXAM_DETAIL ADD CONSTRAINT EXAM_DETAIL_PK PRIMARY KEY ( EXAM_ID ) ;
ALTER TABLE EXAM_TYPE ADD CONSTRAINT EXAM_TYPE_PK PRIMARY KEY ( EXAM_TYPE ) ;
ALTER TABLE FACULTY ADD CONSTRAINT FACULTY_PK PRIMARY KEY ( FACULTY_ID ) ;
ALTER TABLE PARENT_INFORMATION ADD CONSTRAINT PARENT_INFORMATION_PK PRIMARY KEY ( PARENT_ID ) ;
ALTER TABLE STUDENT ADD CONSTRAINT STUDENT_PK PRIMARY KEY ( STUDENT_ID ) ;
ALTER TABLE STUDENT_ATTENDANCE ADD CONSTRAINT STUDENT_ATTENDANCE_PK PRIMARY KEY ( STUDENT_ID )  ;
ALTER TABLE EXAM_RESULT ADD CONSTRAINT EXAM_RESULT_PK PRIMARY KEY ( STUDENT_ID, COURSE_ID, EXAM_ID )  ;
ALTER TABLE FACULTY_LOGIN ADD CONSTRAINT FACULTY_LOGIN_PK PRIMARY KEY ( FACULTY_ID, LOGIN_DATE, LOGIN_TIME )  ;
ALTER TABLE FACULTY_COURSE ADD CONSTRAINT FACULTY_COURSE_PK PRIMARY KEY ( FACULTY_ID, COURSE_ID )  ;
ALTER TABLE STUDENT_COURSE ADD CONSTRAINT STUDENT_COURSE_PK PRIMARY KEY ( STUDENT_ID, COURSE_ID)  ;

-- ADDING FOREIGN KEYS TO EACH TABLE
ALTER TABLE COURSE ADD CONSTRAINT COURSE_FK FOREIGN KEY ( SESSION_ID ) REFERENCES ACADEMIC_SESSION ( SESSION_ID ) ;
ALTER TABLE COURSE ADD CONSTRAINT COURSE_FKv2 FOREIGN KEY ( DEPARTMENT_ID ) REFERENCES DEPARTMENT ( DEPARTMENT_ID ) ;
ALTER TABLE EXAM_DETAIL ADD CONSTRAINT EXAM_DETAIL_FK FOREIGN KEY ( EXAM_TYPE ) REFERENCES EXAM_TYPE ( EXAM_TYPE ) ;
ALTER TABLE EXAM_RESULT ADD CONSTRAINT EXAM_RESULT_FK FOREIGN KEY ( COURSE_ID ) REFERENCES COURSE ( COURSE_ID ) ;
ALTER TABLE EXAM_RESULT ADD CONSTRAINT EXAM_RESULT_FKv2 FOREIGN KEY ( EXAM_ID ) REFERENCES EXAM_DETAIL ( EXAM_ID ) ;
ALTER TABLE EXAM_RESULT ADD CONSTRAINT EXAM_RESULT_FKv3 FOREIGN KEY ( STUDENT_ID ) REFERENCES STUDENT ( STUDENT_ID ) ;
ALTER TABLE FACULTY_COURSE ADD CONSTRAINT FACULTY_COURSE_FK FOREIGN KEY ( FACULTY_ID ) REFERENCES FACULTY ( FACULTY_ID ) ;
ALTER TABLE FACULTY_COURSE ADD CONSTRAINT FACULTY_COURSE_FKv2 FOREIGN KEY ( COURSE_ID ) REFERENCES COURSE ( COURSE_ID ) ;
ALTER TABLE FACULTY_LOGIN ADD CONSTRAINT FACULTY_LOGIN_FK FOREIGN KEY ( FACULTY_ID ) REFERENCES FACULTY ( FACULTY_ID ) ;
ALTER TABLE STUDENT_ATTENDANCE ADD CONSTRAINT STUDENT_ATTENDANCE_FK FOREIGN KEY ( STUDENT_ID ) REFERENCES STUDENT ( STUDENT_ID ) ;
ALTER TABLE STUDENT_COURSE ADD CONSTRAINT STUDENT_COURSE_FK FOREIGN KEY ( STUDENT_ID ) REFERENCES STUDENT ( STUDENT_ID ) ;
ALTER TABLE STUDENT_COURSE ADD CONSTRAINT STUDENT_COURSE_FKv2 FOREIGN KEY ( COURSE_ID ) REFERENCES COURSE ( COURSE_ID ) ;
ALTER TABLE STUDENT ADD CONSTRAINT STUDENT_FK FOREIGN KEY ( PARENT_ID ) REFERENCES PARENT_INFORMATION ( PARENT_ID ) ;

-- ALTERING THE FACULTY_LOGIN TABLE FOR DEFAULT DATES
ALTER TABLE FACULTY_LOGIN MODIFY (LOGIN_DATE DATE DEFAULT SYSDATE);

-- ALTERING THE STUDENT TABLE FOR UNIQUE EMAIL ADDRESS
ALTER TABLE STUDENT ADD (EMAIL_ADDR VARCHAR2 (100) UNIQUE );

-- INSERTING ROWS IN THE ACADEMIC_SESSION TABLE
INSERT INTO ACADEMIC_SESSION VALUES (100, 'SPRING SESSION');
INSERT INTO ACADEMIC_SESSION VALUES (200, 'FALL SESSION');
INSERT INTO ACADEMIC_SESSION VALUES (300, 'SUMMER SESSION');

-- INSERTING ROWS IN THE DEPARTMENT TABLE
INSERT INTO DEPARTMENT VALUES(10, 'ACCOUNTING', 'MARK SMITH');
INSERT INTO DEPARTMENT VALUES(20, 'BIOLOGY', 'DAVE GOLD');
INSERT INTO DEPARTMENT VALUES(30, 'COMPUTER SCIENCE', 'LINDA BROWN');
INSERT INTO DEPARTMENT VALUES(40, 'LITERATURE', 'ANITA TAYLOR');

-- INSERTING ROWS IN THE COURSE_DETAILS TABLE
INSERT INTO COURSE VALUES (190, 'PRINCIPLES OF ACCOUNTING', 100, 10);
INSERT INTO COURSE VALUES (191, 'INTRODUCTION TO BUSINESS LAW', 100, 10);
INSERT INTO COURSE VALUES (192, 'COST ACCOUNTING', 100, 10);
INSERT INTO COURSE VALUES (193, 'STRATEGIC TAX PLANNING FOR BUSINESS', 100, 10);
INSERT INTO COURSE VALUES (194, 'GENERAL BIOLOGY', 200, 20);
INSERT INTO COURSE VALUES (195, 'CELL BIOLOGY', 200, 20);
INSERT INTO COURSE VALUES (196, 'INTRODUCTION TO PLANT PHYSIOLOGY', 200, 20);
INSERT INTO COURSE VALUES (197, 'MARINE BIOLOGY', 200, 20);
INSERT INTO COURSE VALUES (198, 'SIMULATION AND MODELING', 300, 30);
INSERT INTO COURSE VALUES (199, 'WEB PROGRAMMING', 300, 30);
INSERT INTO COURSE VALUES (187, 'DATA STRUCTURES', 300, 30);
INSERT INTO COURSE VALUES (188, 'OOAD', 300, 30);
INSERT INTO COURSE VALUES (189, 'COLLEGE READING', 100, 40);
INSERT INTO COURSE VALUES (176, 'BUSINESS WRITING', 200, 40);
INSERT INTO COURSE VALUES (175, 'AMERICAN LITERATURE', 300, 40);

-- INSERTING ROWS IN THE EXAM_TYPE TABLE
INSERT INTO EXAM_TYPE VALUES('MCE','Multiple Choice Exams','CHOOSE MORE THAN ONE ANSWER');
INSERT INTO EXAM_TYPE VALUES('TF','TRUE AND FALSE Exams','CHOOSE EITHER TRUE OR FALSE');
INSERT INTO EXAM_TYPE VALUES('FIB','FILL IN THE BLANKS Exams','TYPE IN THE CORRECT ANSWER');
INSERT INTO EXAM_TYPE VALUES('ESS','ESSAY Exams','WRITE PARAGRAPHS');
INSERT INTO EXAM_TYPE VALUES('SA','SHORT ANSWER Exams','WRITE SHORT ANSWERS');
INSERT INTO EXAM_TYPE VALUES('PS','PROBLEM SOLVING Exams','SOLVE THE PROBLEM');
INSERT INTO EXAM_TYPE VALUES('LAB','LAB Exams','HANDS ON EXAM');
INSERT INTO EXAM_TYPE VALUES('OB','OPEN BOOK Exams','OPEN BOOK METHOD');

-- INSERTING ROWS IN THE EXAM_DETAILS TABLE
INSERT INTO EXAM_DETAIL VALUES(500,'MCE',TO_DATE('12-Sep-2013','DD-Mon-YYYY'),'FALL SESSION EXAM');
INSERT INTO EXAM_DETAIL VALUES(510,'SA',TO_DATE('15-Sep-2013','DD-Mon-YYYY'),'FALL SESSION EXAM');
INSERT INTO EXAM_DETAIL VALUES(520,'LAB',TO_DATE('18-Sep-2013','DD-Mon-YYYY'),'FALL SESSION EXAM');
INSERT INTO EXAM_DETAIL VALUES(530,'ESS',TO_DATE('21-Mar-2014','DD-Mon-YYYY'),'SPRING SESSION EXAM');
INSERT INTO EXAM_DETAIL VALUES(540,'OB',TO_DATE('25-Mar-2014','DD-Mon-YYYY'),'SPRING SESSION EXAM');
INSERT INTO EXAM_DETAIL VALUES(550,'TF',TO_DATE('02-Apr-2014','DD-Mon-YYYY'),'SPRING SESSION EXAM');
INSERT INTO EXAM_DETAIL VALUES(560,'FIB',TO_DATE('26-May-2014','DD-Mon-YYYY'),'SUMMER SESSION EXAM');
INSERT INTO EXAM_DETAIL VALUES(570,'SA',TO_DATE('30-May-2014','DD-Mon-YYYY'),'SUMMER SESSION EXAM');

-- INSERTING ROWS IN THE PARENT_INFORMATION TABLE
INSERT INTO PARENT_INFORMATION VALUES(600,'NEIL SMITH','DORIS SMITH');
INSERT INTO PARENT_INFORMATION VALUES(610,'WILLIAM BEN','NITA BEN');
INSERT INTO PARENT_INFORMATION VALUES(620,'SEAN TAYLOR','RHEA TAYLOR');
INSERT INTO PARENT_INFORMATION VALUES(630,'DAVE CARMEN','CATHY CARMEN');
INSERT INTO PARENT_INFORMATION VALUES(640,'JOHN AUDRY','JANE AUDRY');

-- INSERTING ROWS IN THE STUDENT_DETAILS TABLE
INSERT INTO STUDENT VALUES(720, 'JACK', 600, TO_DATE('01-Jan-2012','DD-Mon-YYYY'),NULL);
INSERT INTO STUDENT VALUES(740, 'RHONDA', 620, TO_DATE('01-Sep-2012','DD-Mon-YYYY'),NULL);
INSERT INTO STUDENT VALUES(750, 'ROBERT', 610, TO_DATE('01-Mar-2012','DD-Mon-YYYY'),NULL);
INSERT INTO STUDENT VALUES(760, 'JEANNE', 610, TO_DATE('01-Mar-2012','DD-Mon-YYYY'),NULL);
INSERT INTO STUDENT VALUES(770, 'MILLS', 630, TO_DATE('01-Apr-2013','DD-Mon-YYYY'),NULL);
INSERT INTO STUDENT VALUES(710, 'NINA', 630, TO_DATE('01-Jan-2011','DD-Mon-YYYY'),NULL);
INSERT INTO STUDENT VALUES(780, 'NATHAN', 640, TO_DATE('01-Jan-2014','DD-Mon-YYYY'),NULL);
INSERT INTO STUDENT VALUES(730, 'NOAH', 640, TO_DATE('01-Jan-2012','DD-Mon-YYYY'),NULL);

-- INSERTING ROWS IN THE STUDENT_COURSE_DETAILS TABLE
INSERT INTO STUDENT_COURSE VALUES(720,190);
INSERT INTO STUDENT_COURSE VALUES(720,193);
INSERT INTO STUDENT_COURSE VALUES(720,191);
INSERT INTO STUDENT_COURSE VALUES(740,195);
INSERT INTO STUDENT_COURSE VALUES(740,197);
INSERT INTO STUDENT_COURSE VALUES(740,199);
INSERT INTO STUDENT_COURSE VALUES(750,192);
INSERT INTO STUDENT_COURSE VALUES(750,175);
INSERT INTO STUDENT_COURSE VALUES(750,176);
INSERT INTO STUDENT_COURSE VALUES(750,189);
INSERT INTO STUDENT_COURSE VALUES(760,188);
INSERT INTO STUDENT_COURSE VALUES(760,187);
INSERT INTO STUDENT_COURSE VALUES(760,190);
INSERT INTO STUDENT_COURSE VALUES(760,192);
INSERT INTO STUDENT_COURSE VALUES(770,188);
INSERT INTO STUDENT_COURSE VALUES(770,187);
INSERT INTO STUDENT_COURSE VALUES(710,176);
INSERT INTO STUDENT_COURSE VALUES(710,175);
INSERT INTO STUDENT_COURSE VALUES(780,192);
INSERT INTO STUDENT_COURSE VALUES(780,193);
INSERT INTO STUDENT_COURSE VALUES(780,194);
INSERT INTO STUDENT_COURSE VALUES(730,199);
INSERT INTO STUDENT_COURSE VALUES(730,198);

-- INSERTING ROWS IN THE STUDENT_ATTENDANCE
INSERT INTO STUDENT_ATTENDANCE VALUES( 710, 180, 20,'Y');
INSERT INTO STUDENT_ATTENDANCE VALUES( 720, 180, 21,'Y');
INSERT INTO STUDENT_ATTENDANCE VALUES( 730, 180, 11,'Y');
INSERT INTO STUDENT_ATTENDANCE VALUES( 740, 180, 12,'Y');
INSERT INTO STUDENT_ATTENDANCE VALUES( 750, 180, 14,'Y');
INSERT INTO STUDENT_ATTENDANCE VALUES( 760, 180, 15,'Y');
INSERT INTO STUDENT_ATTENDANCE VALUES( 770, 180, 13,'Y');
INSERT INTO STUDENT_ATTENDANCE VALUES( 780, 180, 10,'Y');

-- INSERTING ROWS IN THE FACULTY_DETAILS TABLE
INSERT INTO FACULTY(FACULTY_ID,FACULTY_NAME) VALUES (800, 'JILL MILLER');
INSERT INTO FACULTY(FACULTY_ID,FACULTY_NAME) VALUES (810, 'JAMES BORG');
INSERT INTO FACULTY(FACULTY_ID,FACULTY_NAME) VALUES (820, 'LYNN BROWN');
INSERT INTO FACULTY(FACULTY_ID,FACULTY_NAME) VALUES (830, 'ARTHUR SMITH');
INSERT INTO FACULTY(FACULTY_ID,FACULTY_NAME) VALUES (840, 'SALLY JONES');

-- INSERTING ROWS IN THE FACULTY_COURSE_DETAILS TABLE
INSERT INTO FACULTY_COURSE VALUES (800, 192);
INSERT INTO FACULTY_COURSE VALUES (800, 193);
INSERT INTO FACULTY_COURSE VALUES (800, 190);
INSERT INTO FACULTY_COURSE VALUES (800, 191);
INSERT INTO FACULTY_COURSE VALUES (810, 194);
INSERT INTO FACULTY_COURSE VALUES (810, 195);
INSERT INTO FACULTY_COURSE VALUES (820, 196);
INSERT INTO FACULTY_COURSE VALUES (820, 197);
INSERT INTO FACULTY_COURSE VALUES (830, 198);
INSERT INTO FACULTY_COURSE VALUES (830, 199);
INSERT INTO FACULTY_COURSE VALUES (830, 187);
INSERT INTO FACULTY_COURSE VALUES (830, 188);
INSERT INTO FACULTY_COURSE VALUES (830, 189);
INSERT INTO FACULTY_COURSE VALUES (840, 176);
INSERT INTO FACULTY_COURSE VALUES (840, 175);

-- INSERTING ROWS IN THE FACULTY_LOGIN_DETAILS TABLE
INSERT INTO FACULTY_LOGIN(FACULTY_ID,LOGIN_DATE,LOGIN_TIME) VALUES (800,TO_DATE('23-Nov-2014','DD-Mon-YYYY'), TO_DATE('12:00:00','hh24:mi:ss'));
INSERT INTO FACULTY_LOGIN(FACULTY_ID,LOGIN_DATE,LOGIN_TIME) VALUES (800,TO_DATE('24-Nov-2014','DD-Mon-YYYY'), TO_DATE('1:00:00','hh24:mi:ss'));
INSERT INTO FACULTY_LOGIN(FACULTY_ID,LOGIN_DATE,LOGIN_TIME) VALUES (810,TO_DATE('22-Nov-2014','DD-Mon-YYYY'), TO_DATE('2:00:00','hh24:mi:ss'));
INSERT INTO FACULTY_LOGIN(FACULTY_ID,LOGIN_DATE,LOGIN_TIME) VALUES (810,TO_DATE('24-Nov-2014','DD-Mon-YYYY'), TO_DATE('3:00:00','hh24:mi:ss'));
INSERT INTO FACULTY_LOGIN(FACULTY_ID,LOGIN_DATE,LOGIN_TIME) VALUES (820,TO_DATE('01-Dec-2014','DD-Mon-YYYY'), TO_DATE('4:00:00','hh24:mi:ss'));
INSERT INTO FACULTY_LOGIN(FACULTY_ID,LOGIN_DATE,LOGIN_TIME) VALUES (820,TO_DATE('02-Dec-2014','DD-Mon-YYYY'), TO_DATE('5:00:00','hh24:mi:ss'));
INSERT INTO FACULTY_LOGIN(FACULTY_ID,LOGIN_DATE,LOGIN_TIME) VALUES (830,TO_DATE('16-Oct-2014','DD-Mon-YYYY'), TO_DATE('6:00:00','hh24:mi:ss'));
INSERT INTO FACULTY_LOGIN(FACULTY_ID,LOGIN_DATE,LOGIN_TIME) VALUES (830,TO_DATE('17-Oct-2014','DD-Mon-YYYY'), TO_DATE('7:00:00','hh24:mi:ss'));
INSERT INTO FACULTY_LOGIN(FACULTY_ID,LOGIN_DATE,LOGIN_TIME) VALUES (830,TO_DATE('24-Nov-2014','DD-Mon-YYYY'), TO_DATE('8:00:00','hh24:mi:ss'));
INSERT INTO FACULTY_LOGIN(FACULTY_ID,LOGIN_DATE,LOGIN_TIME) VALUES (840,TO_DATE('24-Nov-2014','DD-Mon-YYYY'), TO_DATE('9:00:00','hh24:mi:ss'));
INSERT INTO FACULTY_LOGIN(FACULTY_ID,LOGIN_DATE,LOGIN_TIME) VALUES (840,TO_DATE('03-Dec-2014','DD-Mon-YYYY'), TO_DATE('10:00:00','hh24:mi:ss'));
INSERT INTO FACULTY_LOGIN(FACULTY_ID,LOGIN_DATE,LOGIN_TIME) VALUES (820,TO_DATE('03-Dec-2014','DD-Mon-YYYY'), TO_DATE('11:00:00','hh24:mi:ss'));

-- INSERTING ROWS IN THE EXAM_RESULTS TABLE
INSERT INTO EXAM_RESULT VALUES(720,500,190,91);
INSERT INTO EXAM_RESULT VALUES(720,520,193,97);
INSERT INTO EXAM_RESULT VALUES(720,530,191,89);
INSERT INTO EXAM_RESULT VALUES(740,560,195,69);
INSERT INTO EXAM_RESULT VALUES(740,570,197,70);
INSERT INTO EXAM_RESULT VALUES(740,570,199,76);
INSERT INTO EXAM_RESULT VALUES(750,500,192,60);
INSERT INTO EXAM_RESULT VALUES(750,510,175,97);
INSERT INTO EXAM_RESULT VALUES(750,520,176,78);
INSERT INTO EXAM_RESULT VALUES(750,520,189,85);
INSERT INTO EXAM_RESULT VALUES(760,540,188,65);
INSERT INTO EXAM_RESULT VALUES(760,530,187,60);
INSERT INTO EXAM_RESULT VALUES(760,540,190,79);
INSERT INTO EXAM_RESULT VALUES(760,510,192,70);
INSERT INTO EXAM_RESULT VALUES(770,560,188,91);
INSERT INTO EXAM_RESULT VALUES(770,550,187,99);
INSERT INTO EXAM_RESULT VALUES(710,500,176,91);
INSERT INTO EXAM_RESULT VALUES(710,510,175,77);
INSERT INTO EXAM_RESULT VALUES(780,520,192,56);
INSERT INTO EXAM_RESULT VALUES(780,530,193,61);
INSERT INTO EXAM_RESULT VALUES(780,530,194,65);
INSERT INTO EXAM_RESULT VALUES(730,540,199,87);
INSERT INTO EXAM_RESULT VALUES(730,530,198,85);

-- UPDATING THE STUDENT TABLE WITH UNIQUE EMAIL ADDRESSES
UPDATE STUDENT
SET EMAIL_ADDR = 'jack@abc.com'
where STUDENT_ID = 720;

UPDATE STUDENT
SET EMAIL_ADDR = 'rhonda@def.com'
where STUDENT_ID = 740;

UPDATE STUDENT
SET EMAIL_ADDR = 'robert@abc.com'
where STUDENT_ID = 750;

UPDATE STUDENT
SET EMAIL_ADDR = 'jeanne@ghi.com'
where STUDENT_ID = 760;

UPDATE STUDENT
SET EMAIL_ADDR = 'mills@def.com'
where STUDENT_ID = 770;

UPDATE STUDENT
SET EMAIL_ADDR = 'nina@def.com'
where STUDENT_ID = 710;

UPDATE STUDENT
SET EMAIL_ADDR = 'nathan@abc.com'
where STUDENT_ID = 780;

UPDATE STUDENT
SET EMAIL_ADDR = 'noah@xyz.com'
where STUDENT_ID = 730;
